Model,Accuracy,Macro F1
Random Forest,0.9875,0.9868431783175947
XGBoost,0.9855769230769231,0.9844837689661285
Logistic Regression,0.9663461538461539,0.9671983117324179
