Model,Accuracy,Macro F1
LogReg,0.9721153846153846,0.9726541675790508
RandomForest,0.9875,0.9868431783175947
XGBoost,0.9855769230769231,0.9844837689661285
LightGBM,0.9826923076923076,0.9808377787378139
